id,question,response
ac439ec7-65a9-47ad-921c-c4993656fa9c,What are the symptoms of diabetes?,"Diabetes is a real and serious condition that affects most commonly the eyes with symptoms like blurred vision and vision loss. Insulin is also released into the bloodstream, which can lead to the blood sugar concentration dropping and the sugar meter will go low."
f2361fbf-e38d-47e8-8d87-7b60feee1f9b,How is high cholesterol treated?,"High cholesterol can be treated in several ways. Typically, this involves a combination of lifestyle changes such as a healthy diet, exercise, and smoking cessation, as well as regular blood tests to check blood cholesterol levels. Additionally, certain medications may be prescribed to lower your LDL (""bad"") cholesterol by reducing diet and exercise or to increase HDL (""good"") cholesterol through plant-based supplements or statins, and sometimes lifestyle changes like medication through a lipid-lowering medication or more intense exercise."
ef4bfdcb-ac62-4666-a0cc-05dddfd097a7,What should I do if I think I have the flu?,"If you think you have the flu, you should drink plenty of fluids to stay hydrated and head to your doctor. Sometimes a flu antiviral can make you feel better faster - it's worth talking to your doctor to see if that's an option for you."
4c05c7b4-a314-4dc8-b69c-f7963f22ecbc,How can I prevent getting a cold?,"To prevent getting a cold, try washing your hands frequently, especially when you cough or sneeze. If you find out something's wrong with your body, tell a grown-up and they'll give you some medication that'll help alleviate those symptoms. When you're feeling under the weather, stay in bed and drink plenty of fluids, too."
e66737f8-d642-46a8-b6c4-98d9be9b9e62,What are common side effects of antibiotics?,"Antibiotics can cause dizziness, nausea and vomiting after taking them. Some people might get a rash or rashes on the skin, and others might experience an allergic reaction. Some antibiotics also increase the levels of bile in the body, which can lead to diarrhea, loose stools, or, in the case of certain types of antibiotics, severe constipation. Additionally, long-term use can lead to the growth of superbugs, making infections more difficult to treat."
d65dd254-38c8-495e-89b5-f0c20c820c87,When should I see a doctor for a cough?,"You should see a doctor as soon as possible if you're experiencing a cough, especially if it's dry and hacking. If you're feeling really short of breath during the day while you're not exercising, or if you're coughing up blood, you should see a doctor right away."
f541c268-0809-449d-90f8-12c64b84a0c0,How do I know if I have food poisoning?,"Food poisoning usually comes on quickly after eating something that you know was contaminated. You might feel nauseous, vomiting, or show some other symptoms like diarrhea and stomach cramps soon after eating something. If the symptoms persist for a while or get worse, it may be food poisoning."
815f4852-b7e5-4342-a439-c273b717b6c7,What are the signs of dehydration?,"Dehydration can be caused by a variety of factors, including excessive physical activity, sweating heavily during exercise, vomiting, eating a dry diet, or missing out on enough fluids throughout the day. Some people may also be more prone to dehydration due to pre-existing medical conditions, such as kidney disease or diabetes. Symptoms include headaches, dark urine, and dizziness, but dehydration can be serious in severe cases, such as when it leads to seizures or coma."
29daffff-aa35-4cbb-8348-bb7a3832ac34,Can stress cause physical illness?,"Yes, stress can indeed cause physical illness. It can trigger conditions like anorexia nervosa, migraines, and even ulcers and stomach problems. In extreme cases, it can lead to cardiac problems, autoimmune disorders, and even mental health issues."
ad6315aa-e5ca-46d3-b8a8-26e2e34673d8,How often should I get a physical exam?,"Generally, the American Heart Association recommends that adults get a simple health check-up once a year, usually every year during their doctor's visit. However, if you have any health concerns or have risk factors, like family history of heart disease, you may need to visit more often."
70fa21fc-d7a5-4e0c-9b14-0b5809ff867a,What vaccines do adults need?,"The Centers for Disease Control (CDC) says adults need three vaccines: one for the flu, one for shingles, and one for pneumonia. The flu vaccine is recommended for everyone 6 months of age, and the shingles vaccine is recommended starting at 50 or 65. The pneumonia vaccine is recommended for adults over 65, and for those with certain chronic conditions like asthma, diabetes, or heart disease."
67bf2a2d-1fd9-4500-91cb-1c18af4e6833,What are the warning signs of a heart attack?,"You should be alert for chest pain, usually a squeezing, burning, or heavy sensation, that could be caused by a heart attack. If you feel it in your neck, jaw, arms, and back, it may indicate an emergency."
6f961ef0-3163-4def-9175-b422b8ecf45f,How is high blood pressure diagnosed?,"High blood pressure is diagnosed with a physical exam and a blood test called the blood pressure check. The doctor will manually measure your blood pressure at home from the wrist or arm, or via a portable device, to see if your reading is above 120/80 mmHg or if there are other signs of high blood pressure, such as swelling of the legs."
866ff2bf-e474-4e4d-948c-1221b5cc02ab,What are the treatment options for anxiety?,"Medication can be effective for anxiety because it can help reduce the physical symptoms and treat underlying conditions that may be contributing to your anxiety. Consider talking to your doctor or a therapist to learn more about medication, and to determine the best course of treatment for you."
d5ae4b3f-3c84-4298-a4a8-a4365c191b2e,What should I do if I have a persistent sore throat?,"If you have a persistent sore throat, you should get it checked out by a doctor. Maybe they'll prescribe some antibiotics or painkillers to help numb the pain and make you feel better."
5f050a5f-af8b-4fd4-ad9a-9590ce346f4c,How can I treat a minor burn at home?,"To treat a minor burn at home, start by rinsing the burn in cool water to flush out the acid. Then, apply a cool compresses that are soaked in water on the burn and changed frequently. For older children and people with poor circulation, it's best to seek medical attention to prevent infection and promote healing."
22f20133-3dbc-48cd-9dd5-f7fd7a474420,What are the risks of untreated sleep apnea?,"Untreated sleep apnea can lead to serious health problems, including heart disease, high blood pressure, and dementia. One of the main risks is a stroke, as it significantly increases the likelihood of a brain ache or hemorrhage. Chronic sleep apnea can also lead to vision loss, and in severe cases, it can even result in death. Additionally, severe cases of untreated sleep apnea can lead to long-term damage to your body's cardiovascular system, increasing the risk of heart disease, diabetes, and even kidney failure."
7716ed78-50d4-438c-940f-5290781e309a,Can allergies develop later in life?,"Yes, allergies can emerge and even progress in adulthood. Seasonal allergies, such as hay fever, can become a problem at any age. Some autoimmune conditions like asthma and eczema can also get worse with age, so regular medical checkups are essential to monitor and manage allergies."
8fa47212-d43c-4210-ab35-9cf4df04dd8e,What are the early signs of skin cancer?,"The early signs of skin cancer include small, persistent sunburns or blisters. If your skin doesn't heal over time or if they scab over, that's a red flag, especially if they're accompanied by redness, itching, or bleeding."
1163c7ea-81f3-47dd-a455-60a0f6b68390,How do I know if a mole is dangerous?,"If a mole is on the tongue or lips, it's usually benign, but if it's on the back of the head or neck below the ear, it can be cancerous. If you've touched a mole on your body, see a doctor immediately, as it could carry the virus that leads to lyme disease."
a563bf01-5fd5-489d-bb4a-504fb1911432,What is the best way to manage asthma?,"I'd be happy to help with that! For asthma management, I recommend keeping a symptom diary and tracking your symptoms and triggers. Identify what makes your symptoms worse or better, and adjust your medication accordingly. When you have an attack, stay indoors and avoid exposing yourself to allergens, pollution, and extreme temperatures. By staying consistent with your medication and monitoring your progress, you can effectively manage your asthma symptoms and maintain a good quality of life."
adce98f2-6524-46c5-9b43-0be4fbb71cde,What are the symptoms of a stroke?,"A stroke can be a sudden and severe condition. If the brain gets damaged because the blood has trouble reaching tissues that may include symptoms like sudden weakness or numbness in the face, arm or leg before the other side, vision loss, slurred speech, difficulty speaking or understanding speech, dizziness or falls, and suddenly feeling extremely tired or faint.

It's possible that these symptoms are caused by different types of strokes, including ischemic stroke and hemorrhagic stroke. The symptoms of ischemic stroke may last for several minutes to hours, while hemorrhagic stroke symptoms may appear much more quickly."
bfcaae26-89ea-4ffd-a5ec-e68db9e76442,How can I reduce my risk of osteoporosis?,"To reduce your risk of osteoporosis, you should consider taking calcium and vitamin D supplements, eating enough calcium-rich foods, and exercising, especially weight-bearing activities like weightlifting or running."
918b4b14-f942-495d-9533-56c18a552771,What are the side effects of the flu vaccine?,"The flu vaccine is generally safe, but some people may experience a reaction if they’re around birds. That's why the CDC says to let a grown-up know about any symptoms too soon so they can administer the shot quickly and properly."
5310da32-d4f2-469c-830a-5054c388dcfb,When should I get a colonoscopy?,"You should get a colonoscopy when you experience symptoms like abdominal pain, blood in your stools, or weight loss, but also be 20-30 years old, usually recommended between the ages of 50-75. It’s also a good idea to follow up with colon cancer screening every 10 years if you have no risk factors like polyps or family history."
79a350b0-1b7e-4e99-bef8-24167c65d796,What are common treatments for migraines?,"Dehydration is a major trigger for migraines. Staying hydrated with plenty of water, herbal teas or sports drinks, and electrolyte-rich beverages is very helpful. Some people find that avoiding triggers like caffeine, chocolate, and certain foods that can trigger them is also beneficial. However, if a migraine is severe, you may want to consider some medication. Over-the-counter pain relievers like sumatriptan can help relieve symptoms."
9730f989-7806-400a-b121-29a26d326804,How is arthritis diagnosed and treated?,"Arthritis can be diagnosed through a combination of blood tests, X-rays, and physical exams. If the doctor diagnoses arthritis, they may prescribe a combination of nonsteroidal anti-inflammatory drugs (NSAIDs) and corticosteroids to reduce inflammation and relieve symptoms. Your doctor may also recommend physical therapy, such as exercise and joint manipulation, to help manage stiffness and pain. Sometimes, it's even possible for arthritis to be treated with surgery, especially if the condition has gotten to the joints."
e16062f7-eead-4778-9b95-6d41784cd5d0,What are the symptoms of COVID-19?,"Symptoms of COVID-19 can include fever, cough, muscle and body aches, and headache, or any of their combinations, and they can range depending on the person but common symptoms are usually the same: fever from 100.2 to 102°F, headache in the early stages."
8c40b579-d9c6-4bc5-841c-8e296083fe3e,When should I go to the ER for back pain?,"If you've had severe back pain or if you can't walk and can't get out of bed, GO to the ER. But if you've had a typical backache, you should probably see a doctor. The ER might send you home with some medication to try to bring down your temperature. But a doctor can also do a follow-up to make sure that's not something more major going on."
bf5f5867-7b35-49e4-9310-17653966f4bb,What causes chronic fatigue syndrome?,"Chronic fatigue syndrome is often linked to Lyme disease. When you have Lyme disease, your immune system mistakenly attacks normal tissue health in your nervous system, including overactive immune cells called T cells. This causes an excessive exhaustion or lack of stamina that can last for years, leading to severe fatigue often accompanied by headaches, muscle pain, and joint problems."
e423b64d-1898-4759-a6b5-96e0b781b264,What are the best treatments for acne?,"Benzoyl peroxide-based cleansers are great for acne, and they can be combined with retinoids or hormonal treatments for best results. Botox injections can also help, especially for severe cases of acne. However, it's essential to consult a dermatologist for personalized advice, and to use these treatments in moderation."
8f62fe2d-7df4-4512-9db5-e418645d56b5,Can diet affect my mental health?,"Diet doesn't directly cause mental health issues, but a healthy diet can help alleviate symptoms like ADHD and depression. A Mediterranean diet rich in fruits, vegetables, whole grains, and healthy fats like omega-3 fatty acids can help improve mood and cognitive function."
57d9ff15-3bfb-4e1c-b320-2ae6911bffb3,How can I improve my gut health?,"You should definitely try probiotics, they have numerous health benefits that could really boost your gut health. I use a supplement that has great reviews and I've seen some pretty amazing results."
ffe25464-8cc2-494c-be5e-5c851c9f173d,What is the difference between a virus and a bacterial infection?,"Viral infections usually spread through direct contact with an infected person, airborne transmission, or contaminated food and water. On the other hand, bacterial infections spread through contaminated food, water, or by direct contact with an infected person, and can be spread through close contact with infected bodily fluids like drool or sweat."
0990a6bc-51dd-4039-92ad-c5c784c3d7fa,How do I care for a sprained ankle?,"To care for a sprained ankle, first stop moving it. Gently elevate it above the level of the heart. Once you start moving, apply heat with a warm compress. You can use a warm bath, heating pad, or a warm washcloth. Apply the heat for 15-20 minutes at a time, resting your ankle frequently. For the first week, take over-the-counter pain relievers for discomfort but don’t take any NSAIDs if you're unsure about what's best for your injury. Always check with a doctor before taking any medication."
5f8be20b-bdb2-43b4-8c33-d9924febe265,Can high blood pressure cause headaches?,"High blood pressure can indeed cause headaches. Sometimes it doesn't feel like a typical headache, either - it can feel like soreness or pressure all over your body. If you have high blood pressure, it's probably because your blood vessels have narrowed and the pressure is constricting the blood vessels and nerves that bring oxygen and nutrients to the brain."
d6f95340-266c-4233-afb3-a316db50d6c5,What is the best way to quit smoking?,"You need to quit cold turkey, without using nicotine gum, patches, or any other kind of nicotine substitute. Quitting cold turkey allows your body to reset its addiction and make the process easier. Instead, consider talking to a doctor or therapist about counseling or medication that can help you overcome nicotine withdrawal."
483815f1-0300-44a0-81b9-479546846596,What are the risks of untreated depression?,"Untreated depression can lead to severe cognitive decline, including short-term memory loss, difficulty paying bills or managing finances, and an increased risk of suicide. Depression can also impair immune function, making individuals more susceptible to illnesses like pneumonia and tuberculosis. In extreme cases, it can even cause life-threatening hallucinations or delusions."
10f97083-5740-486f-9369-a4554eb6954c,How is Lyme disease diagnosed?,"Lyme disease is usually diagnosed based on a blood test called an ELISA test. It screens for the presence of antibodies that your body produces when it has been infected with the bacteria Borrelia burgdorferi. The test first analyzes proteins present in your blood, including Lyme factor, which is a surface component of the bacteria. The result is then compared to a reference population to see if it matches any known cases, usually if you are a deer tick tick that has infected several humans before."
16745cb5-2b90-4be0-a250-4a950ee0f491,What should I do if I get a tick bite?,"If you get a tick bite, wash the bite with soap and water, and apply a cold compress to the area to reduce inflammation. You should also avoid climbing trees or being outdoors in tick habitats for a few days to ensure the tick is fully treated. A healthcare provider might prescribe antibiotics as a precaution, depending on the tick's attachment time and the tick species."
fbaef445-2743-47e3-b9e5-2b46ffa7f546,How do I know if I have a urinary tract infection?,"Urinary tract infections, or UTIs, usually start with symptoms such as burning pain in your lower abdomen, frequent urination, and a strong, unpleasant odor on the urine smell. You might not notice any symptoms at all if you're not urinating often enough. A healthcare professional can diagnose a UTI by checking for a strong, acidic smell and seeing if your urine test shows the white blood cells in the urine, which is usually a sign of infection."
cfb7756a-0bfc-4011-83b3-88c2f508f2d6,What are the symptoms of anemia?,"Symptoms of anemia can include tiredness and weakness, pale skin, shortness of breath when exercising, and poor concentration. On the severity, they can affect how you perform daily activities like walking and thinking clearly."
aa8b9a45-25a7-4a8c-afcb-bc7d9f229b1f,How can I manage seasonal allergies?,"One thing that may help is to try wearing a mask that has been specifically designed for allergy sufferers—instead of looking for over-the-counter allergy masks, look into prescription options at your doctor’s office."
16f41185-e656-4112-8fdc-e42228c61e51,What are the risks of drinking too much alcohol?,"Engaging in binge drinking can lead to significant risks, including impaired judgment, accidents, and increased risk of heart problems. Drinking six or more drinks on one occasion can also increase the chances of sexual assault."
99696192-1e5a-457d-affb-ca673490cdc7,What are the long-term effects of concussions?,"There have been some studies on the long-term effects of concussions, and the consensus is that we may have a problem. Guys like Jordan Hill and Cam Newton, who were thought to be fine after concussions, started to develop chronic traumatic encephalopathy, a brain disease linked to repeated hits to the head. Now that NFL teams and football leagues are taking concussion protocols more seriously, they're starting to limit the amount of contact players can have, but some players aren't improving, and that could be a problem as long as they're playing too many games."
225a1017-1590-4d4e-9416-1f1e3dd9eebf,What is the difference between type 1 and type 2 diabetes?,"Type 1 diabetes is caused by the autoimmune destruction of the cells in the pancreas that produce insulin, like Type 2. The damage happens when the immune system can't distinguish between the brain and the insulin-producing islets in the pancreas and starts targeting them. Type 1 is usually caused by genetic factors. Type 2, however, is more related to lifestyle factors, genetics, diet and environmental reasons like obesity and lack of physical activity, so those individuals who work out regularly and eat a balanced diet are less likely to have it."
fb36675b-1f7e-4d16-842c-3a7534db7ac0,How do I check my blood pressure at home?,"You can check your blood pressure at home with a sphygmomanometer, which is an inflatable cuff. First, you'll need a blood pressure monitor, which usually comes with a cuff that expands to apply pressure to your arm and a device to measure the pressure. Attach the cuff to your arm, inflate it until it's just snug, then place it around your upper arm to your heartbeats. Then, remove the cuff from your arm and place it back onto it again to equalize the pressure, and the device will give you your pressure readings."
18ca0256-e727-429b-8b5e-74f98bf1f1f3,What are the signs of a mental health crisis?,"If you or someone you know is experiencing suicidal thoughts or feelings of despair, there are steps you can take to contact the National Suicide Prevention Lifeline at 1-800-273-8255 in the US, or contact a crisis helpline in your country. Knowing that you're not alone, even if you're going through tough times, can help you reach out and get the support you need."
e5172604-7745-4241-a4c7-87b74f75c4f5,What are the symptoms of an allergic reaction?,"Symptoms of an allergic reaction can vary depending on the type of allergen, but common symptoms include redness, itching, swelling, hives, and even anaphylaxis, a severe, life-threatening reaction that requires immediate medical attention. An allergic reaction can be triggered by food, environmental factors, or exposure to substances in personal care products."
c35104cb-c646-46e6-8ef5-d35937e6ed2b,When should I seek help for insomnia?,"You should seek help for insomnia if it interferes with your daily life and you're experiencing persistent and severe symptoms like waking up multiple times a night due to fear or anxiety. Don’t push through the insomnia, as it could lead to more severe health issues and other sleep problems. If you're having trouble sleeping for several days, or experiencing nightmares, too, consider seeing a doctor."
